combination,mean,median,mode
original,5.661971830985915,6.0,8
c1,5.540983606557377,6.0,3
c2,5.378600823045267,5.0,3
c3,5.231404958677686,5.0,3
c4,5.238683127572016,5.0,1
c5,5.448559670781893,5.0,7
c6,5.536885245901639,6.0,8
c7,5.479508196721311,5.5,3
c8,5.454545454545454,5.0,3
c9,5.31404958677686,5.0,4
c10,5.242798353909465,5.0,5
c11,5.598360655737705,6.0,8
c12,5.3539094650205765,5.0,3
c13,5.349794238683128,5.0,4
c14,5.325102880658436,5.0,5
c15,5.106995884773663,5.0,5
