search term,original,c1,c2,c3,c4,c5,c6,c7,c8,c9,c10,c11,c12,c13,c14,c15
dendritic cells,50.283333333,52.356349207,53.173809524000006,52.938492063,52.859920634999995,53.717460317,52.324603175,53.077777778000005,52.943650794,52.829365079,53.667460317,52.324603175,51.907936509,52.251587301,52.301587302,52.829365079
mast cells,58.796428571,60.733333333000004,62.641666666999996,63.415873014999995,62.58531746,60.087698413000005,60.173809523,62.208333333,63.597222222,62.501984125999996,61.967460318,60.273809523,61.834523809000004,63.27420634799999,62.896825397,62.501984125999996
pinealocyte,50.630555556,52.030555556,52.030555556,52.030555556,52.230555556000006,50.046825397,52.030555556,52.030555556,52.030555556,52.230555556000006,51.113492063,52.030555556,52.030555556,52.030555556,52.030555556,52.230555556000006
plasmacytoid dendritic cells,60.199603175,62.36388889,61.769047619,61.538888889,62.898809524,63.688492064,61.56388889,61.75793650799999,62.349603174,62.683333334000004,63.639285714,61.56388889,61.826587302,61.885714285,61.738888889,63.074206349
