search term,original,c1,c2,c3,c4,c5,c6,c7,c8,c9,c10,c11,c12,c13,c14,c15
allergen skin prick test,41.686111112,41.722222223,41.722222223,40.866666667000004,40.844444445,41.322222223000004,41.722222223,41.722222223,40.852777778000004,41.296825397,41.144444445,41.700000001,41.722222223,41.746825397,41.546825397,41.122222223
immunotherapeutics,57.660317459999995,57.660317459999995,57.760317459999996,57.760317459999996,57.760317459999996,57.760317459999996,57.660317459999995,57.660317459999995,57.760317459999996,57.760317459999996,57.760317459999996,57.660317459999995,57.660317459999995,57.760317459999996,57.760317459999996,57.831746032
plasmacytoid dendritic cells,60.199603175,62.36388889,61.769047619,61.538888889,62.898809524,63.688492064,61.56388889,61.757936508,62.349603174,62.683333334,63.639285714,61.56388889,61.826587302,61.885714285,61.738888889,63.074206349
rational cancer drug design,51.593253968,51.593253968,51.843253968,52.043253968,51.976587301,50.115873016,51.593253968,51.843253968,52.043253968,52.122619047,50.865873016,51.593253968,51.593253968,51.843253968,52.043253968,51.83968254
tuberculin skin test,55.576984126,57.576984126,58.076984126,57.835317458999995,57.826984126,58.251984125999996,57.576984126,58.112698412,58.019841269,58.110317460000005,58.076984126,57.612698412,57.865079365,58.165079365,57.965873015,57.076984126
zika microcephaly,45.92539682500001,45.92539682500001,46.130952380000004,46.716666666,48.536904762000006,49.737301588,45.92539682500001,46.03095238,46.395238095,48.108333333000004,49.941269842000004,45.825396825,46.03095238,46.161904762,47.425,49.249603175000004
