search term,original,c1,c2,c3,c4,c5,c6,c7,c8,c9,c10,c11,c12,c13,c14,c15
allergy treatment,36.311111111,42.254761904,43.904761904000004,45.829761905,46.657539682,46.603968254,42.726984127,43.004761904,45.592857143,47.437301587,47.443650792999996,42.277777778,42.966666667,45.031746032,47.750793652,48.427777776999996
gwas,45.092857143,51.761507936,53.381349207,53.393253969,54.85317460299999,54.498015873,51.761507936,53.298015873000004,53.998015873,54.799603174999994,54.311507936,51.761507936,53.067460317,54.056349206,54.15515873,54.35436508
long covid,21.922222223,21.855555556,14.055555556,14.722222223,8.23015873,16.2,21.522222222,16.355555556,14.722222223,11.017857143,16.444444444,21.522222222,19.688888888999998,19.688888888999998,28.655555556000003,28.472222222
mast cells,58.796428571,60.733333333000004,62.641666666999996,63.415873015,62.58531746,60.087698413000005,60.173809523,62.208333333,63.597222222,62.501984126,61.967460318,60.273809523,61.834523809000004,63.274206348,62.89682539699999,62.501984126
myocardial infarction,41.401190476,44.036111111,44.133730158,45.634523810000005,48.825793651,51.523809524,43.40952381,42.283730158,42.048809524,42.390476191,44.750396824999996,43.375,40.62063492,40.728968254,40.462301588,40.667857143
t-cell function,56.685714286,61.866269842,61.513492064,58.612301588,50.143650793,44.270634920999996,61.866269842,61.513492064,59.763492063,51.040873015,45.418650794,61.866269842,61.610714286,59.20515873,47.748412699000006,45.924999999
