search term,original,c1,c2,c3,c4,c5,c6,c7,c8,c9,c10,c11,c12,c13,c14,c15
hiv,35.333333334,49.487301587000005,49.625793652000006,50.416269842000005,51.249603175000004,57.277380951999994,49.581349207,53.213888889,53.149603175,52.716269842,53.066269842000004,52.316269842000004,53.67301587400001,53.67301587400001,53.64523809600001,53.634126985
influenza,41.348809523999996,45.843253968,47.098809524,41.614285714,44.560714286,44.771825397,45.843253968,45.318253968,40.867063492,40.903174603,45.11468254,45.69325396799999,43.364285714,42.42936508,39.571825397000005,41.021825397
long covid,21.922222223,21.855555556,14.055555556,14.722222223,8.23015873,16.2,21.522222222,16.355555556,14.722222223,11.017857143,16.444444444,21.522222222,19.688888888999998,19.688888888999998,28.655555556000003,28.472222222
malaria therapeutics,46.933333333,49.047222222,49.247222222000005,50.330555555000004,50.205555555000004,50.894444444,48.847222222,49.247222222000005,49.247222222000005,50.330555555000004,50.844444444000004,48.722222222,49.047222222,49.247222222000005,50.330555555000004,50.205555555000004
mycobacterium,36.283333333,50.512301588,50.298412699,48.317460317,48.418650793,48.235317460000005,50.676984127,50.561904763,50.404761904000004,49.448412699,49.427380953,49.857539681999995,50.673015874,51.454761905000005,49.998412699,51.745634921
naegleria fowleri infection,55.609920635,58.565476191,58.565476191,58.565476191,58.565476191,58.565476191,58.565476191,58.565476191,58.565476191,58.565476191,58.511904763000004,55.609920635,58.565476191,58.565476191,58.392857143,58.392857143
zika microcephaly,45.925396825,45.925396825,46.13095238,46.716666666,48.536904762000006,49.737301588,45.925396825,46.030952379999995,46.395238095,48.108333333000004,49.941269842000004,45.825396825,46.030952379999995,46.161904762,47.425,49.249603175000004
