search term,original,c1,c2,c3,c4,c5,c6,c7,c8,c9,c10,c11,c12,c13,c14,c15
gwas,45.092857143,51.761507936,53.381349207,53.393253969,54.853174603,54.498015873,51.761507936,53.298015873,53.998015873,54.799603175,54.311507936,51.761507936,53.067460317,54.056349206,54.15515873,54.35436508
metabolomics,46.971428572,50.876984127,50.876984127,50.988095238,50.112301587000005,48.599603175,50.876984127,50.876984127,51.33531746,51.434523809,48.673809524,50.876984127,50.876984127,50.779761905,50.329761904,51.098412699
tuberculin skin test,55.576984126,57.576984126,58.076984126,57.835317458999995,57.826984126,58.251984125999996,57.576984126,58.112698412,58.019841269,58.110317460000005,58.076984126,57.612698412,57.865079365,58.165079365,57.965873015,57.076984126
