search term,original,c1,c2,c3,c4,c5,c6,c7,c8,c9,c10,c11,c12,c13,c14,c15
allergen skin prick test,41.686111112,41.722222223,41.722222223,40.866666667,40.84444444500001,41.322222223000004,41.722222223,41.722222223,40.852777778000004,41.296825397,41.144444445,41.700000001,41.722222223,41.746825396999995,41.546825397,41.122222223
allergy treatment,36.311111111,42.254761904,43.904761904,45.829761905,46.657539682,46.603968254,42.726984127,43.00476190399999,45.592857142999996,47.437301587,47.443650792999996,42.277777778,42.966666667,45.031746032,47.750793652,48.427777777
asthma,45.394047619,48.527380953000005,49.68531746,49.715079365,49.984920635,50.78531746,48.527380953000005,49.28531746,49.715079365,50.429365079,51.115079365,48.323809524,48.618650794000004,49.066269842000004,49.737698412,50.932539682
sublingual immunotherapy,59.171428571,59.17142857099999,59.66031746,59.28095238,54.619444443999996,54.033333333,59.157539682,59.771428571,59.075396825,55.144444445,54.032539682,59.511111111,59.777777778,58.521825397,58.530555555999996,57.582539681
