search term,original,c1,c2,c3,c4,c5,c6,c7,c8,c9,c10,c11,c12,c13,c14,c15
addison's disease,46.199206348,46.199206348,46.599206347999996,45.584920634999996,45.551587301,46.501587302,46.199206348,46.596825396999996,45.918253969,45.551587301,46.534920635,46.199206348,46.596825396999996,46.501587302,45.551587301,46.534920635
malaria therapeutics,46.93333333299999,49.047222222,49.247222222,50.330555555,50.205555555,50.894444444,48.847222222,49.247222222,49.247222222,50.330555555,50.844444444000004,48.722222222,49.047222222,49.247222222,50.330555555,50.205555555
naegleria fowleri infection,55.609920635,58.565476191,58.565476191,58.565476191,58.565476191,58.565476191,58.565476191,58.565476191,58.565476191,58.565476191,58.511904763000004,55.609920635,58.565476191,58.565476191,58.392857143,58.392857143
pinealocyte,50.630555556000004,52.030555556,52.030555556,52.030555556,52.230555556000006,50.046825397,52.030555556,52.030555556,52.030555556,52.230555556000006,51.113492063,52.030555556,52.030555556,52.030555556,52.030555556,52.230555556000006
sublingual immunotherapy,59.171428571,59.17142857099999,59.66031746,59.28095238,54.619444443999996,54.033333333,59.15753968200001,59.771428571,59.075396825,55.144444445,54.032539682,59.511111111000005,59.777777778,58.521825397,58.530555555999996,57.582539681
